提交日期,个人（驾校）,姓名（账号）,科目,驾照,成绩,用时
"2013-12-30  18:51:30",个人考试,admin,科目一,"C1 C2照",1,0分12秒
"2013-12-30  20:26:29",个人考试,test,科目一,"C1 C2照",0,0分11秒
"2013-12-30  20:27:12",个人考试,wlih,科目一,"C1 C2照",1,0分9秒
"2013-12-30  20:42:24",旺顺驾校,wulihai22,科目一,"C1 C2照",0,0分31秒
"2013-12-31  18:46:35",旺顺驾校,555,科目一,"C1 C2照",2,0分18秒
"2014-01-02  08:28:57",个人考试,test,科目一,"C1 C2照",5,3分10秒
"2014-01-02  08:57:18",个人考试,admin,科目一,"C1 C2照",1,0分17秒
"2014-01-02  09:36:22",个人考试,,科目一,"C1 C2照",3,0分17秒
"2014-01-02  09:37:15",个人考试,,科目一,"C1 C2照",3,0分34秒
"2014-01-02  09:37:54",个人考试,test,科目一,"C1 C2照",0,0分13秒
"2014-01-02  09:56:54",个人考试,test,科目一,"C1 C2照",0,0分44秒
"2014-01-02  10:26:34",个人考试,test,科目一,"C1 C2照",2,0分12秒
"2014-01-02  10:27:58",个人考试,,科目一,"C1 C2照",4,0分14秒
"2014-01-02  10:40:45",个人考试,,科目一,"C1 C2照",0,0分9秒
"2014-01-03  13:41:53",个人考试,,科目一,"C1 C2照",2,0分18秒
"2014-01-03  22:40:54",旺顺驾校,wulihai2,科目一,"C1 C2照",3,0分21秒
